Sequence,Molecular_Weight[g/mol],Standardised_MIC[ÂµM]
TNYGNGVGVPDAIMAGIIKLIFIFNIRQGYNFGKKAT,4002.6384000000016,0.09493737930461064
KVFLGLK,804.0311999999999,79.59890113716982
KRFKKFFKKVKKSVKKRLKKIFKKPMVIGVTIPF,4152.308900000001,0.24082986696871223
AWKLFDDGV,1050.1638999999998,30.0
FMPIIGRLMSGSL,1421.7695999999999,2.6375581528821552
GILDAIKAIAKAAG,1311.5698,43.00190504538912
NLVSGLIEARKYLEQLHRKLKNCKV,2953.5078000000003,28.0
GVVDILKGAAKDIAGHLASKVMNKL,2549.041,80.0
GLLDTLKGAAKNVVGSLASKVMEKL,2543.0316000000003,100.0
LALKSGGWLRLFGLKDKKH,2167.5977,9.0
RRSRRGRGGGRRGGSGGRGGRGGGGRSGAGSSIAGVGSRGGGGGRHYA,4452.722200000002,2.1054536031913234
AIGSILGALAKGLPTLISWIKNR,2392.8802000000005,12.5
MLCKLSMFGAVLGVPACAIDCLPMGKTGGSCEGGVCGCRKLTFKILWDKKFG,5442.6422999999995,0.9186714328075539
GFMNTAKNVAKNVAVTLLDNLKCKITGGC,3024.580600000001,4.0
GILSGILGVGKKLVCGLSGLC,1987.4732999999997,7.0
GFSSIFRGVAKFASKGLGKDLAKLGVDLVACKISKQC,3843.5618999999997,5.0
GIFALIKTAAKFVGKNLLKQAGKAGLEHLACKANNQC,3870.5906000000004,12.917925238592787
GIFSLIKTAAKFVGKNLLKQAGKAGVEHLACKANNQC,3872.5634,12.911344459847966
GILSLVKGVAKLAGKGLAKEGGKFGLELIACKIAKQC,3713.544500000001,3.5
GIFSKLAGKKLKNLLISGLKNVGKEVGMDVVRTGIDIAGCKIKGEC,4802.767699999999,0.7
GIFSKLGRKKIKNLLISGLKNVGKEVGMDVVRTGIDIAGCKIKGEC,4887.875499999999,0.7
CVISAGWNHKIRCKLTGNC,2103.4942,11.884986419263718
FKTWKRPPFQTSCWGIIKE,2352.7534000000005,23.376865590758467
SLWETIKNAGKGFILNILDKIRCKVAGGCKT,3378.0189000000005,7.400787485232837
FLPIAGKLLSGLSGLL,1598.9662000000003,3.1270204460857265
FFPIVGKLLFGLSGLL,1721.132,2.9050648061856963
FFPIVGKLLSGLSGLL,1661.0355,3.010170462943146
FFPIVGKLLFGLFGLL,1781.2285000000002,4.210577138194229
FLPIVGKLLSGLSGLS,1600.9389999999999,1.561583545656643
FFPIVGKLLSGLL,1403.7492999999997,3.5618895767214283
FFPIVGKLLFGLL,1463.8457999999998,5.123490466004002
FFPIVGKLLS,1120.3827999999999,22.313802032662412
FLSGIVGMLGKLFGK,1566.9473999999996,31.0
FLSSIGKILGNLL,1374.6668,160.0
FLPLVTMLLGKLF,1491.9206,160.0
FLPLVLGALSGILPKIL,1764.2413999999999,2.6640345249805386
FFPLLFGALSSHLPKLF,1934.3242999999998,1.9386614747072146
KWKLFKKIEKVGQNIRDGIIKAGPAVAVVGQATQIAK,4004.765799999999,1.0487504662569784
GIKDWIKGAAKKLIKTVASNIANQ,2568.0229,13.0
DSMGAVKLAKLLIDKMKCEVTKAC,2596.2019999999998,23.0
GAFGDLLKGVAKEAGMKLLNMAQCKLSGKC,3082.7259999999997,65.0
SILDKIKNVALGVARGAGTGILKALLCKLDKSC,3370.0814,30.0
FFGPLIKIATGVLPNLICKALGKC,2517.1464,59.59128956504079
GIGSMLLGLAKNVGMSLLNKAQCKISGKC,2935.5951000000005,34.0646433154218
GFMGDTLKGIARNAALALMNAAQCKLSGKC,3054.6331,13.094862358428578
FLSTLLNVASKVVPTLFCKITKKC,2654.2809,75.0
FLPMLAGLAANFLPKIVCKITKKC,2620.3324000000002,75.0
FLPIIAGVAAKVLPKLFCAITKKC,2545.2427,20.0
FLPVIAGLAAKVLPKLFCAITKKC,2545.2427,10.0
FLPFLLSALPKVFCFFSKKC,2335.9113,32.0
GIMRVFKGVLKTAGKSVAKNVAGSFLDRLKCKISGGC,3840.6292000000003,5.0
FLGSIVGALASALPSLISKIRN,2227.6446,50.0
GIMSLFKGVLKTAGKHVAGSLVDQLKCKITGGC,3361.0529,6.0
FLPILAGLAAKLVPKVFCSITKKC,2561.2421,25.0
FLPILAGLAANILPKVFCSITKKC,2561.199,25.0
GAFGNFLKGVAKKAGLKILSIAQCKLSGTC,3024.645199999999,6.199074192239145
GAFGNFLKGVAKKAGLKILSIAQCKLFGTC,3084.7416999999996,4.052203139082926
GILSSFKGVAKGVAKNLAGKLLDELKCKITGC,3262.9266000000007,5.0
GLADYWRTAFRANFANLGPGIRCKSARC,3115.552100000001,6.0
SLFSLIKAGAKFLGKNLLKQGACYAACKASKQC,3462.1584,14.44185800395499
GIMSIVKDVAKNAAKEAAKGALSTLSCKLAKTC,3321.9725000000003,15.05129858841396
GIMSIVKDVAKTAAKEAAKGALSTLSCKLAKTC,3308.9738,15.110424869486726
FLGALFKVASKVLPSVFCAITKKC,2571.1938,38.89243976863977
FLPLLAGLAANFLPTIICKISYKC,2610.2265,38.31085156786202
GKGRWLERIGKAGGIIIGGALDHL,2487.9,12.862253306001044
WLRRIGKGVKIIGGAALDHL,2173.6054999999997,22.08312409956637
GRRKRKWLRRIGKGVKIIGGAALDHL,2955.5584999999996,0.5075182913821534
GWGSFFKKAAHVGKHVGKAALTHYL,2711.1283,26.35
FFRLLFHGVHHVGKIKPRA,2259.7011,8.85072808965752
GWKKWLRKGAKHLGQAAIK,2176.6111999999994,1.1485744445310218
FFRLLFHGVHHGGGYLNAA,2113.3809,30.283230060421193
FLGALIKGAIHGGRFIHGMIQNHH,2625.0638,12.190179911055877
GWGSIFKHGRHAAKHIGHAAVNHYL,2765.0994999999994,3.6165063861173903
RWGKWFKKATHVGKHVGKAALTAYL,2854.3584,1.0510242862283867
GWKSVFRKAKKVGKTVGGLALDHYLG,2816.3054,6.391352301494007
GWKKWFNRAKKVGKTVGGLAVDHYLG,2916.3829999999994,0.8572262285166251
GWRTLLKKAEVKTVGKLALKHYL,2653.215100000001,0.9422530423560455
AGWGSIFKHIFKAGKFIHGAIQAHND,2851.225099999999,7.014528596847722
GFWGKLFKLGLHGIGLLHLHL,2356.8525999999997,2.545768029786844
GWKKWLRKGAKHLGQAAIKGLAS,2504.975299999999,1.197616599253494
GWKKWFTKGERLSQRHFA,2262.5727999999995,28.286382652527255
FLGLLFHGVHHVGKWIHGLIHGHH,2749.1843,7.274885135929228
GFLGILFHGVHHGRKKALHMNSERRS,2985.4334999999996,21.43742273944471
RPRPNYRPRPIYRP,1838.1263999999999,4.243451375269949
GWFKKAWRKVKHAGRRVLDTAKGVGRHYLNNWLNRYRG,4596.274600000001,1.7405400451922517
DFGCARGMIFVCMRRCARMYPGSTGYCQGFRCMCDTMIPIRRPPFIMG,5504.6651,6.812403537501309
FSRYARMRDSRPWSDRKNNYSGPQFTYPPEKAPPEKLIKWNNEGSPIFEMPAEGGHIEP,6908.619999999999,0.3618667693403314
KFFRKLKKSVKKRAK,1892.3842,17.95354241490708
KRFKKFFKKLKNSVKKRAKKFFKKPRVIGVSIPF,4155.165400000001,0.6417714843954626
AALRGALRAVARVGKAILPHVAIANPYVRTPYVHNNP,3947.596700000002,12.5
RLGDILQKAREKIEGGLKKLVQKIKDFFGKFAPRTES,4245.966700000001,2.0
SLGNFFRKARKKIGEEFKRIVQRIKDFLQHLIPRTEA,4471.2192,11.333333333333334
GRFKRFRKKFKKLFKKLS,2342.9175000000005,1.0
GGLRSLGRKILRAWKKYG,2059.4632000000006,1.0
GGLRSLGRKILRAWKKYGPQATPATRQ,3010.5013000000004,0.5
LRRIIRKIIHIIKK,1800.3318000000002,4.451957133679469
IRRIIRKIIHIIKK,1800.3318000000002,2.4995392515979553
GLFGRLRDSLQRGGQKILEKAERIWCKIKDIFRG,3988.6671000000006,1.3175
RLKELITTGGQKIGEKIRRIGQRIKDFFKNLQPREEKS,4512.225100000001,1.25
RRWSFRVSYRGFSYRKSR,2394.6972000000005,10.022143927006718
YVDREINLFDHYCIISRSPHISRWELKWQATVTCPGWTPVKGKVRGYSNPLSAEREATRDFVQRIVQRGLVTRDEASEWL,9419.555000000002,23.21
MARVSLLLIVLSIALVAPSQGFLKDLLFGEAKTALLEDGTTEILDHVCNFRVMPRLRSWELYFRGDVWCPGWTVIKGESL,9007.526099999997,13.5
MRKGVVTGLFVALVVMCLYLPQPCEAQYEALTAAILTKLSKMWHSDTLNFLGHTCHVSRTPTVKRFKLYWKGKFWCPGWA,9175.881299999997,1.53
GRFRRLRKKTRKRLKKIGKV,2525.1474000000007,3.0
GRFRRLRKKTRKRLKKIGKVLKWIPPIVGSIPLG,3996.9741000000013,1.0
GRFRRLRKKTRKRLKKIGKVLKWIPPIVGSIPLGC,4100.117000000001,1.0
GSKKPVPIIYCNRRTGKCQRM,2435.9365,30.0
ILGTILGLLKGL,1210.5485999999999,1.4043219743511333
VTCELLMFGGVVGDSACAANCLSMGKAGGSCNGGLCDCRKTTFKELWDKRFG,5409.249899999999,9.3
GWLRKLGKKIERIGQHTRDASIQVLGIAQQAANVAATAR,4226.8458,4.2
GGLKKLGKKLEGAGKRVFNAAEKALPVVAGAKAL,3391.0607999999997,5.160627022670901
HVDKKVADKVLLLKQLRIMRLLTRL,3000.7365,75.0
RLGNFFRKAKKKIGRGLKKIGQKIKDFLGNLVPRTES,4243.058700000001,1.25
GFGALFKFLAKKVAKTVAKQAAKQGAKYVVNKQME,3799.5307999999995,0.47
SMWSGMWRRKLKKLRNALKKKLKGE,3073.7724000000007,4.1
GLFGKLIKKFGRKAISYAVKKARGKH,2902.5305000000003,6.7
ATYDGKCYKKDNICKYKAQSGKTAICKCYVKVCPRDGAKCEFDSYKGKCYC,5777.719500000001,8.65393344207866
GLVRKGGEKFGEKLRKIGQKIKEFFQKLALEIEQ,3946.6404,1.4124999999999999
MQIFVKTLTGKTITLEVEPSDTIENVKAKIQDKEGIPPDQQRLIFAGKQLEDGRTLSDYNIQKESTLHLVLRLR,8450.633099999995,0.6
KWKIFKKIEKVGRNIRNGIIKAGPAVAVLGEAKAL,3817.6157999999996,2.9
AKIPIKAIKTVGKAVGKGLRAINIASTANDVFNFLKPKKRKH,4543.4525,0.81
GLMSVLKGVLKTAGKHIFKNVGGSLLDQAKCKITGQC,3844.614600000001,4.5
GLLSVLKGVLKTAGKHIFKNVGGSLLDQAKCKISGQC,3812.549600000001,3.0
ARLKKCFNKVTGYCRKKCKVGERYEIGCLSGKLCCAN,4172.023900000001,8.988443234948868
PIRNWWIRIWEWLNGIRKRLRQRSPFYVRGHLNVTSTPQP,5028.784600000002,0.63
APRKNVRWCAISLPEWSKCYQWQRRMRKLGAPSITCIRRTS,4934.801299999999,0.8247545853568615
SKCYQWQRRMRKLGAPSITCIRRTS,3026.5685999999996,4.790904128193229
RFRPPIRRPPIRPPFNPPFRPPVRPPFRPPFRPPFRPPIGPFP,5162.150600000001,0.19371771137401528
GKVWDWIKSAAKKIWSSEPVSQLKGQVLNAAKNYVAEKIGATPT,4799.484,20.8
GFWGKLWEGVKNAI,1604.8480999999997,10.0
FWGKLWEGVKNAI,1547.7967999999996,40.0
ILSAIWSGIKSLF,1434.7204,6.0
IWSAIWSGIKGLL,1443.7305,2.0
GILDTLKQFAKGVGKWLVKGAAQGVLSTVSCKLAKTC,3820.568399999999,13.087057936196093
GILDTLKQFAKGVGKWLVKGAAQ,2428.8691999999996,51.46427810933582
GILDTLKQFAKGVGKFLVKGAAQ,2389.8330999999994,83.68785251154152
KNLRRIIRKIIHIIKKYG,2262.831200000001,1.392061414037423
KNLRRIIRKGIHIIKKYG,2206.7249000000006,2.7824039145069683
KNLRRITRKIIHIIKKYG,2250.7775000000006,6.233401569013372
RLARIVVIRVAR,1421.7797,35.167192216909555
KWKLFKKIEKVGQGIGAVLKVLTTGL,2855.5055,1.0
KWKLFKKIGIGAVLKVLTTGLPALIS,2795.4933000000005,0.7
KWKLFKKIGIGAVLKVLTTG,2200.7501000000007,0.9
KWKLFKKIGIGAVLKVLT,2042.5949000000005,3.0
KWKLFKKGIGAVLKV,1715.1758000000004,15.0
KWKLFKKGAVLKVLT,1759.2284000000004,15.0
KWKLFKKIGAVLKVL,1771.2821000000004,4.0
KWKLFKKAVLKVLTT,1803.2810000000004,4.0
KWKLFKKVLKVLTTG,1789.2544000000007,2.0
KWKLFKKLKVLTTGL,1803.2810000000004,8.0
DPVTCLKSGAICHPVFCPRRYKQIGTCGLPGTKCCKKPN,4221.051600000002,29.613473571372584
KPVPIIYCNRRTGKCQRM,2163.6356,30.0
LIKIVPAMICAVTKKC,1731.2813000000003,147.86736274457533
FLGGLIKIVPAMICAVTKK,2002.5724000000005,63.91778893986553
KWKLFKKIPKFLHLAKKF,2300.9155000000005,1.56
KWKLFKKILKFLHLAKKF,2316.9579000000003,3.125
KWKLFKKISKFLHLAKKF,2290.8776000000003,6.25
WKLFKKIPKFLHLAKKF,2172.7432000000003,1.56
FKLFKKIPKFLHLAKKF,2133.7071000000005,1.56
KWFKKIPKFLHLAKKF,2059.5856000000003,1.56
WFKKIPKFLHLAKKF,1931.4133000000002,1.56
WKKIPKFLHLAKKF,1784.2395000000001,3.125
KWFKKIPKFLHLLKKF,2101.6653000000006,3.125
WFKKIPKFLHLLKKF,1973.4930000000004,1.56
WKKIPKFLHLLKKF,1826.3192000000001,3.125
KWKLFKKIPFLHLAKKF,2172.743200000001,6.25
KWKLFKKIPKFLHLAKK,2153.7417000000005,6.25
KWKLFKKIPLHLAKKF,2025.5694000000003,6.25
KWKLFKKIPKFLHLAK,2025.5694000000003,6.25
KWKLFKKIPHLAKKF,1912.4118000000003,12.5
KWKLFKKIPKFLHLA,1897.3971000000001,6.25
KWKLFKKIPLAKKF,1775.2725,12.5
KWKLFKKIPKFLHL,1826.3192000000001,6.25
KWKLFKKIPLKKF,1704.1946,12.5
KWKLFKKIPKFLH,1713.1616000000001,9.0
LLKWLKKL,1041.3725000000002,48.0135590290698
KLLKWLLKL,1154.5301000000002,43.307662571984906
KKLLKWLKKLL,1410.8746999999998,17.719504077860353
KKLLKWLLKLL,1395.86,35.820211195965214
RAVAVIIRLRRV,1421.7796999999998,16.176908419778396
RRAAVVLIVIRR,1421.7797,7.736782287720102
VRLRIRVAVIRA,1421.7797,17.583596108454778
VRFRIRVAVIRA,1455.7959,4.1214568608140745
VRWRIRVAVIRA,1494.8320000000003,4.013828978774871
VRLWIRVAVIRA,1451.8039000000003,4.13278955925108
VRLRIRVAVRRA,1464.8078,8.192201051905922
VRLRIRVAVIRK,1478.8741,4.057140496273482
VQLRIRVRVIRK,1535.9254,3.906439726825274
VRLRIRVRVIRK,1563.9819000000002,1.9181807666699977
KQFRIRVRVIRK,1598.9829,3.7523853444586557
KRFRIRVRVIRK,1627.0394000000001,3.6876795976790726
KRWRIRVRVIRK,1666.0755,1.8006386865421167
ALRLAIRKR,1096.3733000000002,13.68147144772679
ALLLAIRKR,1053.3452,3.7974255733068323
AWLLAIRKR,1126.3975000000003,3.5511442452597763
ALYLAIRKR,1103.3608000000002,3.625287394658211
ALWLAIRKR,1126.3975000000003,8.87786061314944
RRLCRIVVIRVCRR,1798.2811000000002,2.2243463494111126
RRRCPIVVIRVCRR,1782.2386999999999,4.488736553638971
RRRLCPIVIRVCRR,1796.2653,4.453685098743487
RICRIVVIRCIR,1499.9363,10.667119663681717
RLCPRVRIRVCR,1526.922,10.478596811101026
RLCRIVWVIRVCR,1672.1196,2.3921733828130476
RRLCRIVWVIRVCRR,1984.491,1.007815102210088
RLSRIVVIRVSR,1453.7785000000001,11.005803153644106
RLSRIVVIRVCR,1469.8441000000003,10.88550819777417
CVKCKCKCGSGVKVKVKVC,1999.5985,0.145
CVKVSVKVGSGVKVSVKVC,1905.3727999999996,0.643
CVKVRVKVGSGVKVRVKVC,2043.5895999999998,0.005
CVKVQVKVGSGVKVQVKVC,1987.4765999999995,0.005
CAKAKAKAGSGAKAKAKAC,1763.138,0.005
CFKFKFKFGSGFKFKFKFC,2371.9052,0.004
CWKWKWKWGSGWKWKWKWC,2684.194,0.004
AKKVFKRLEKLFSKIQNDK,2320.7746,2.6930663581030228
AKKVFKRLEKLFSKIQNWK,2391.8971,1.308584721307618
AKKVFKRLEKLFSKIWNDK,2378.8553,2.6273140699226216
AKKVFKRLEKLFSKIWNWK,2449.9778,1.2775625966896516
AKKVFKRLEKSFSKIQNDK,2294.6943,5.447348694769495
AKKVSKRLEKLFSKIQNDK,2260.6781000000005,5.529314412343799
AKKVFKRLEKLFSKIFNFK,2371.9056000000005,2.635012118526133
AKKVFKRLEKLFSKIYNYK,2403.904400000001,1.3020484508452161
GIGKFLKKAKKFGKAFVKILKK,2478.1585000000005,9.684610568694454
KWKSFIKKLTSKFLHLAKKF,2479.0588000000002,5.042236190605886
KWKSFIKKLTSKFLHSAKKF,2452.9785,1.2739614309705527
KFKSFIKKLTSKFLHSAKKF,2413.9424000000004,5.178251146340525
KWNSFIKKLTSKFLHSAKKF,2438.9088,5.125242895511303
KWKSFKKKLTSKFLHSAKKF,2467.9932000000003,5.06484377671705
KWKSFINKLTSKFLHSAKKF,2438.9088,5.125242895511303
KWKSFIKKAKTSFLHSAKKF,2410.8988000000004,10.369576690651634
KWKSFIKKSTSKFLHSAKKF,2426.8982,20.602429883544353
KWKSFIKKLLSKFLHSAKKF,2465.0322,5.070927673885963
KWKSFIKKLASKFLHSAKKF,2422.9525000000003,5.158995069032512
KWKSFIKKLTDKFLHSAKKF,2480.9886,10.076628324692825
KWKSFIKKLTKKFLHSAKKF,2494.0735000000004,1.6038019729570918
KWKSFIKKLTSKALHSAKKF,2376.8826000000004,2.6294946161833987
KWKSFIKKLTSKFLHSKKKF,2510.0729000000006,4.9799350449144315
KWKSFIKKLTSKFLHSADKF,2439.8936,10.246348447325737
KWKSFIKKLTSKFLHSANKF,2438.9088,2.5626214477556517
KWKSFIKKLTSKFLHSAKKN,2419.9073000000003,2.582743562119094
LRRLWLRANRLLRRLWLRANRL,2915.5425,4.0
KWKSFIKKLTSAAKKVVTTAKPLISS,2861.4673000000003,0.3494710563353284
KWKSFIKKLTTAVKKVLTTGLPALIS,2872.5329,1.0443744612985981
IDWKKLLDAAKQIL,1654.9898999999998,5.0
TDHQMAQSACIGVSQDNAYASAIPRDCHGG,3104.3275999999996,17.13
ENREVPPGFTALIKTLRKCKII,2527.0373000000004,28.0
GMWSKIKNAGKAAKAAAKAAGKAALGAVSEAM,3059.608399999999,40.0
GLLKRIKTLL,1154.4888,86.61842366941974
GIGKHVGKALKGLKGLLKGLGES,2260.721,16.0
RIGVLLARLPKLFSLFKLMGKKV,2628.3577000000005,6.25
KFFKKLKNSVKKRAKKFFKKPRVIGVSIPF,3595.461300000001,1.912132943831157
VNWKKVLGKIIKVAK,1724.1843,8.75
VNWKKILGKIIKVAK,1738.2109,7.9
VNWKKILGKIIKVVK,1766.2639999999997,10.05
AAGMGFFGAR,984.1322,12.7
LRQSQFVGSR,1177.3134,21.3
KWKSFIKKLPSAAKKVTTAAKPLTK,2771.3895,8.659915901391702
KWKKFIKKIGIGAVLKVLTTGLPALKLTKK,3322.209100000002,0.9632145068773661
KKWKKFIKKIGIGAVLTTPGAKK,2541.171500000001,9.759278348588433
KWKSFIKNLTKGGSKILTTGLPALIS,2802.3569,10.848011543426177
KWKKFIKNLTKGGSKILTTGLPALIS,2843.4519,5.275278263015457
KWKSFIKKLTSAAKKVLTTGLPALIS,2830.4532000000004,1.695841499870056
KKWWKFIKKAVNSGTTGLQTLAS,2593.0307,4.627789404884409
KWKSFIKKLTSVLKKVVTTAKPLISS,2931.6001,1.9102196101030287
KKKSFIKLLTSAKVSVLTTAKPLISS,2789.3997000000004,22.944004762028186
WKVFKSFIKKASSFAQSVLD,2316.6946,27.62556618382069
KWKSFIKKLPSAAKKVVTTAKPLALIS,2954.6367999999998,2.1999319848720496
KWKSFIKKLPKAAKKVVTTAKKPLIV,2951.7223000000004,0.9316594586150599
KWKKFIKSLTKSAAKTVVKTAKKPLIV,3042.7883,0.8544794259922716
KWKLFKKIGIGAVLKVLTTGLPALKLTLK,3179.022100000001,1.179608031035707
KLFKKIGIGAVLKVLTTGLPALKLTK,2751.482300000001,7.904830061963325
KWKFKKIGIGAVLKVLTTGLPALKLTLK,3065.8645000000015,1.1416029638622314
KLWKLFKKIGIGAVLKVLTTGLPALKLTK,3179.022100000001,4.325229447130926
IGKEFKRIVQRIKDFLRNL,2373.8404,16.0
IGKKFKRIVQRIKDFLRNL,2372.8986999999997,8.0
IGKKFKRIVQRIKKFLRNL,2385.9836,8.0
IGKKFKRIVQRIKKFLRKL,2400.0533,8.0
IGKKFKRIVKRIKKFLRKL,2400.0964,8.0
IGKLFKRIVQRIKKFLRNL,2370.9689000000003,8.0
IGKLFKRIVQRILKFLRNL,2355.9542,8.0
IGKLFKRIVKRILKFLRKL,2370.0670000000005,8.0
ILKLFKRIVKRILKFLRKL,2426.1733000000004,8.0
IGKKWKRIVKRIKKFLRKL,2439.1325,4.0
IGKKFKRIVKRIKKWLRKL,2439.1325,4.0
KWKLFKKIGIGAVLKVLTTGLIALIS,2811.5357000000004,1.0670325118048474
KWKLFKKIGIGAVLKVLTPGLPALKLTK,3061.8758000000016,0.8491526664798091
GIGASILSAGKSALKGLAKGLAEHFAN,2581.9633,6.3
FKRLKKLFKKIWNWK,2063.5776000000005,2.0
AKRLKKLFKKIWNWK,1987.4817000000003,2.5
FKRLKKLAKKIWNWK,1987.4817000000003,3.0
AKRLKKLAKKIWNWK,1911.3858000000005,3.0
AKRLKKLAKKIWKWL,1910.4408000000003,22.0
AKRLKKLAKKIWKWK,1925.4555000000005,2.5
INMKASAAVAKKLL,1457.8235,46.30190143045437
GLMSLFRGVLKTAGKHIFKNVGGSLLDQAKCKITGEC,3921.6556,4.5
GLMSLFRGGVLKTAGKHIFKNVGGSLLDQAKCKITGEC,3978.7069,4.5
KKLALKALKLWLLALKKLALLALKK,2829.7267000000006,7.92
KKLAKLALLKWLLALKKLALLALKK,2829.7267000000006,4.69
KKLAKLALLKWLLALKLLALKALKK,2829.7267000000006,6.23
KKLAKAPKLLALLWLKLAKALKKA,2658.447,2.13
KKLAKALKLPALLWLKLAKALKKA,2658.447,1.18
KKLAKALKLLAPLWLKLAKALKKA,2658.447,0.86
KKLALALKKLALLWKKLALALKKA,2674.4894,4.2
KKLALAPKKLALLWKKLALALKKA,2658.447,4.45
KKLALALKKPALLWKKLALALKKA,2658.447,9.16
KKLALALKKLAPLWKKLALALKKA,2658.447,2.14
KKLKLALAKLALLWKALALKLKKA,2674.4894000000004,2.23
KKLKLAPAKLALLWKALALKLKKA,2658.447,2.98
KKLKLALAKPALLWKALALKLKKA,2658.447,4.14
KKLKLALAKLAPLWKALALKLKKA,2658.447,1.69
FLPLLAGLAANFLPKIFCKITRKC,2678.3502000000003,30.6
FKRIVQRIKDFLR,1719.085,12.0
WKSYVRRWRSRY,1742.9822,100.0
KKLALLALKKWLLALKKLALLALKK,2829.7267000000006,2.71
KKLALLALKKWLPALKKLALLALKK,2813.6843000000003,1.42
KKLALALAKKWLALAKKLALALAKK,2703.4876,1.83
KKLALALAKKWLPLAKKLALALAKK,2729.5249000000003,1.22
KKLALHALKKWLHALKKLAHLALKK,2901.6718000000005,1.35
KWKSFLKTFKSAKKTVLHTALKAISS,2949.5341999999996,21.491529069234055
KWKSFLKTFKSAKKTVLHTALKLISS,2991.6139,13.064185856336609
KWKSFLKTFKSLKKTVLHTALKAISS,2991.6138999999994,10.44920937157031
KWKSFLKTFKSAKKTVLHTLLKAISS,2991.6139,6.0903581174027845
KWKSFLKTFKSLKKTVLHTALKLISS,3033.6935999999996,21.030469260310273
KWKSFLKTFKSAVKTVLHTALKAISS,2920.4928999999993,4.5540257947554
KWKSFLKTFKSALKTVLHTALKAISS,2934.5194999999994,7.6162383654291625
KWKSFLKTFKSAAKTVLHTALKAISS,2892.4397999999997,1.9706546701507843
KWKSFLKTFKSAGKTVLHTALKAISS,2878.4132,2.8661625092603105
KWKSFLKTFKSASKTVLHTALKAISS,2908.4392,2.836572963258094
KWKSFLKTFKSALKTVLHTALKAISS,2934.5194999999994,2.8113631550241878
KWKSFLKTFKSAVKTVLHTALKAISS,2920.4928999999993,2.0544477269573234
KWKSFLKTFKSAAKTVLHTALKAISS,2892.4397999999997,2.4373886709759702
KWKSFLKTFKSASKTVLHTALKAISS,2908.4392,6.6186702476022194
KWKSFLKTFKSAKKTVLHTALKAISS,2949.5341999999996,9.730349965089404
KWKSFLKTFKLAVKTVLHTALKAISS,2946.5731999999994,8.857747026274454
KWKSFLKTFKVAVKTVLHTALKAISS,2932.5465999999997,5.166158314415191
KWKSFLKTFKAAVKTVLHTALKAISS,2904.4935,4.493038114907126
KWKSFLKTFKGAVKTVLHTALKAISS,2890.4669,2.4390523205783814
KWKSFLKTFKKAVKTVLHTALKAISS,2961.5878999999995,9.690747318355806
KWKSFLKTFKLAVKTVLHTALKAISS,2946.5731999999994,2.3926098289362034
KWKSFLKTFKVAVKTVLHTALKAISS,2932.5465999999997,3.8192061466303726
KWKSFLKTFKAAVKTVLHTALKAISS,2904.4935,2.237911704743013
KWKSFLKTFKSAVKTVLHTALKAISS,2920.4928999999993,2.071568124681968
KWKSFLKTFKKAVKTVLHTALKAISS,2961.5878999999995,1.4181581441496303
FIKRIARLLRKIF,1674.1305,37.332812465933806
IWRIFRRIF,1306.6027000000001,4.0
IWRIFRRIFRIF,1723.1198000000002,4.0
IWRIFRRIFRIFIRF,2139.6369000000004,16.0
VNWKKSLGKSIKVVK,1714.1033999999995,78.7
VNWKKILGKSIKVSK,1728.1299999999997,86.7
VSWKKSLGKIIKVVK,1713.1583999999998,76.3
VNRKKILGKSIKVVK,1710.1594999999998,80.0
VNRKKILGKSIKVVK,1710.1594999999998,80.0
VNSKKISPKSIKVSK,1642.9809999999998,93.0
VNSKKISPKSIKVSK,1642.9809999999998,63.0
GWLDVAKKIGKAAFNVAKNFI,2290.7036000000003,8.0
GWLDVAKKIGKAAFNVAKNFI,2290.7036000000003,16.0
GWLDVAKKIGKAAFNVAKNFI,2290.7036000000003,128.0
GWLDVAKKKGKAAFNVAKNFI,2305.7183,32.0
NVWKKVLGKIIKVAK,1724.1843,22.7
VNWKKVLAKIIKVAK,1738.2109,26.9
VNWKKVLKKIIKVAK,1795.3053,19.0
VNWKKVLPKIIKVAK,1764.2482,100.0
NVWKKILGKIIKVAK,1738.2109,23.3
VNWKKILAKIIKVAK,1752.2375000000002,22.5
VNWKKILKKIIKVAK,1809.3319000000001,26.1
VNWKKILPKIIKVAK,1778.2748000000001,100.0
NVWKKILGKIIKVVK,1766.2639999999997,23.1
VNWKKILAKIIKVVK,1780.2905999999998,27.1
VNWKKILKKIIKVVK,1837.3850000000002,26.1
VNWKKILPKIIKVVK,1806.3279000000002,100.0
VNWKKILGKI,1198.4998,75.0
VRRFGWWWGFLRR,1822.1266000000003,35.12379436203828
KLKKLLKKWLKLLKKLLK,2263.0367000000006,2.0
VRRFAWWWAFLRR,1850.1798000000001,34.591232700735354
VRRFPFFFPFLRR,1785.1461000000002,8.9628518360486
RGLRRLGRKIAHGVKKYGPTVKRIKRKA,3243.948300000001,8.0
RGLRRLGRKIAHGVKKYGATVLRIIRIA,3172.8669,10.0
RGLRRLGRKIAHGVKKY,2008.4231,12.0
RKLRRLKRKIAHKVKKY,2221.7861000000007,4.5
KKTWWKTWWTKWSQPKKKRKV,2845.393300000001,2.0
INLKILARLAKKIL,1607.0795,6.25
KLKKLLKKWLKLLKKLLK,2263.0367000000006,8.0
KLKKLLKKWLKLLKKLLK,2263.0367000000006,4.0
KLKKLLKKWLKLLKKLLK,2263.0367000000006,4.0
KLKKLLKKWLKLLKKLLK,2263.0367000000006,2.0
KLKKLLKKWLKLLKKLLK,2263.0367000000006,2.0
KLKKLLKKWLKLLKKLLK,2263.0367000000006,4.0
VGHNADLQIKLSIRRLLAAGVLKQTKGVGA,3127.6854999999996,5.11560385467145
LSIRRLLAAGVLKQTKGVGA,2051.4793,13.014998494013565
VGHNADLQIKLSIRRLLAAGVLKQTKGVGA,3127.6854999999996,10.806713142993438
VGHNADLQIKLSIRRLLAAGVLKQTKGVGA,3127.6854999999996,15.34681156401435
LLAGLAANFLPKIFCKITRKC,2320.9036,5.385833345253977
GLAANFLPKIFCKITRKC,2023.5105000000003,6.177383314788828
ANFLPKIFCKITRKC,1782.2237,28.05483958046344
PSVQGAAAQLTADVKK,1583.7846,47.35
ISAAEFGKINGPIKK,1572.8462999999997,95.37
RPKPQQFFGLM,1348.6146,0.13
RPKPQQWFWLM,1516.8093000000001,0.13
KRFKKFFKKLKNSVKKRAKKFFKKPKVIGVTFPF,4175.194800000001,2.395097828728853
FLGALWNVAKSVF,1451.7092999999998,0.78
LVQRGRFGRFLRKIRRFRPKVTITIQGSARFG,3818.5325000000003,4.0
IGGYCSWLRL,1167.3797,2.0
GMWSKILGHLIR,1410.7288,45.0
GKWMSLLKHILK,1453.8364000000001,42.0
LNWGAILKHIIK,1405.7289,51.7
RRLRPRRPRLPRPRPRPRPRPR,2895.4805000000006,1.1
FFRNLWKGAKAAFRAGHAAWRA,2532.905599999999,19.740175077981593
DLRDSWKVIGSDKK,1646.8421,91.08
GILGKLWKGVKSIF,1545.9085,24.257580574788225
LILGKLWKGVKSIF,1602.0148,39.01337241079171
SILGKLWKGVKSIF,1575.9344999999998,23.79540520243703
FILGKLWKGVKSIF,1636.031,30.561768083856602
KILGKLWKGVKSIF,1617.0294999999996,30.920895382551777
RRLIRLILRLLR,1591.047,12.5
RRLIWLILRLLR,1621.0712,10.0
RRLIRLWLRLLR,1664.0993,10.0
FRIRVRV,945.1657999999999,24.0
FRIRVRVFKRIVQRIKDFLR,2646.2355000000002,3.0
FRIRVRVAKKFGKAFVGEIM,2352.8873,5.0
FRIRVRVKWKLFKKI,2017.5539000000003,2.0
GLFKKLRRKIKKGFKKIFKRLPPIGVGVSIPLAGKR,4076.110300000002,1.2757260273354225
KIKKGFKKIFKRLPPIGVGVSIPLAGKR,3076.8540000000003,6.825153224689894
GLFKKLRRKIKKGFKKIFKRL,2633.362800000001,9.873307240460749
FLPIVGLLKSLLK,1440.8541,6.0
KKLLPIVANLLKSLL,1663.1394,3.0
FVPWFSKFLGRIL,1609.9522,50.0
RWQWRWQWR,1487.6704,103.45
KRVKRFKKFFRKIKKGFRKIFKKTKIFIGGT,3860.819300000002,0.7770371433856017
TRSRWRRFIRGAGRFARRYGWRIAL,3165.6688,0.9476670459019592
GFVALLKKLPLILKHLH,1940.4631999999997,7.5
SKVWRHWRRFWHRAHRLH,2551.9206,1.56
SKVWRHWRRFW,1643.8958000000002,3.13
SKVWRHWRRFWHR,1937.2208000000003,3.13
VWRHWRRFWHR,1721.9712000000002,3.13
VWRHWRRFW,1428.6462000000001,50.0
VWRHWRRFWH,1565.7855000000002,12.5
WRHWRRFWHR,1622.8402,3.13
VWRKWRRFW,1419.6792,6.25
VWRRWRRFW,1447.6926,6.25
VWRKWRRFWKR,1704.0372,1.56
VWRRWRRFWRR,1760.064,3.13
KFKKLFKKLSPVIGKEFKRIVERIKRFLR,3633.5111000000006,22.5
SKVWRHWRRFWHRAHRKL,2542.9536000000003,1.56
SKVWRHWRRFWHRAHRKL,2542.9536000000003,1.56
SKVWRHWRRFWHRAHRKL,2542.9536000000003,1.56
SKVWRHWRRFWHRAHRKL,2542.9536000000003,6.25
KWKIFKKIEKVGRNVRDGIIKAGPAVQVVGQATSIAK,4034.7950999999994,1.7349084219914912
RWKFLKKIEKVGRKVRDGVIKAGPAVGVVGQATSIYK,4083.8689999999997,1.2243291839184853
ILKKLWEGVKSI,1413.7460999999998,23.214285714285715
ILKKLLEGVKSI,1340.6938,25.0
FLGGLIKPWWPWRR,1812.1683,34.4890703584209
FLGGLIKKWPWWPWRR,2126.5505000000003,14.69516007261525
LLPWKWPWWKWRR,1938.3264000000001,16.12215569059989
RRPWRWPWWPWRR,2021.3389,15.460049771960556
RRPWRWPRWPWRR,1991.3147000000001,15.693149857227487
FLGGLIKWWPWRR,1715.0531,18.221010183299864
GILGKLWEGVKSIF,1546.8501999999999,11.02
GFGMALKLLKKVL,1417.8439,15.833333333333334
RVKRFKKFFRKIKKGFRKIFKKTKIFIG,3574.4918000000016,0.839280146061602
HRVKRNGFRKFMRRLKKFFAGG,2737.2865,2.922602365517822
RLLRKFFRKLKKSV,1819.2903,13.191957325337249
RLLRKFFRKLKKSV,1819.2903,19.787935988005874
FVPWFSKFLKRIL,1681.0732,12.5
FVPWFSKFLKRIL,1681.0732,12.5
FVPWFSKFLWRIL,1739.1108000000002,50.0
TRSRWRRFIRGAGRFARRYGWRIA,3052.5112,0.9827973767958657
FLKALWNVAKSVF,1522.8302999999999,0.78
FLGALWKVAKSVF,1465.7789999999998,0.39
FLGALWNVAKKVF,1492.8043,0.39
FLGELWNVAKSVF,1509.7454,3.12
FLGALWEVAKSVF,1466.7206999999996,0.78
FLGALWNVWKSVF,1566.8412999999998,0.78
FLGELWNVWKSVF,1624.8774,3.12
FFSLIPKLVKGLISAFK,1908.3716,9.38
FFKLIPKLVKGLISAFK,1949.4665999999997,1.17
ILKKLLKGVKSI,1339.7520999999997,9.559999999999999
ILKKLLKKVKSI,1410.8730999999998,5.346842105263158
ILKKLLKKVKKI,1451.9680999999998,3.5394117647058834
VNFKLLSHSLLVTLASHL,1992.3639000000003,12.547908542209582
KLLSHSLLVTLA,1294.5823,4.827812028636573
KLLRHRLLVTLA,1432.7991000000002,8.724181917758044
VRFKLLSHSLLVTLASHL,2034.4470000000006,3.07208789415502
RRFKLLSHSLLVTLASHL,2091.5017000000003,2.988283490278779
KFFKKLKKAVKKGFKKFAKV,2399.0602000000003,4.559076925205961
GFGSLLGKALRLGANVL,1686.007,44.28609529300096
KFWSLLKKALRLWANVL,2086.5662,20.448268867130437
KFWKLLKKALRLWAKVL,2141.7309000000005,7.470593060967649
WFKKLLKKALRLWKKVL,2198.8253000000004,9.702150204171895
GLLKFIKKLL,1172.5453,4.264227573979444
GLLKFIKKLL,1172.5453,4.264227573979444
GLLKFIKKLL,1172.5453,4.264227573979444
GCRRLCYKQRCVTYCRGR,2221.6584000000007,2.5
GCRALCYKQRCVTYCRGA,2051.4428000000003,8.0
KILRGVCKKIMRTFLRRISKDILTGKK,3203.013900000001,8.0
KILRGVCKKIMRPFLRRISKDILTGKK,3199.0252000000005,16.0
KILPGVCKKIMRPFLRRISKDILTGKK,3139.9547000000007,32.0
RIGSILGALAKGLPTLISWIKNR,2477.9880000000007,6.25
AIGSILGRLAKGLPTLISWIKNR,2477.9880000000007,12.5
AIGSILGALAKGLPTLKSWIKNR,2407.8949000000002,25.0
AIGSILGALAKGLPTLRSWIKNR,2435.9083000000005,12.5
RIGSILGRLAKGLPTLISWIKNR,2563.0958,6.25
RIGSILGALAKGLPTLKSWIKNR,2493.0027000000005,12.5
AIGSILGRLAKGLPTLKSWIKNR,2493.0027000000005,25.0
RIGSILGRLAKGLPTLKSWIKNR,2578.1105000000002,12.5
RIGSILGRLAKGLPTLRSWIKNR,2606.1239,12.5
FFSLIPSLVKKLIKAFK,1979.4926000000005,4.7
FFKLIPKLVKKLIKAFK,2061.6826,2.3
ATYRTGRATRESLSGVEISGRLYRLR,2969.3186,100.0
ATYRTGRATRESLSGVEISGRLYRLR,2969.3186,10.0
ATYRTGRATRESLSGVEISGRLYRLR,2969.3186,10.0
RWKIFKKIPKFLHSAKKF,2302.8486000000003,4.0
WGRRGWGPGRRYVRN,1873.0908000000004,16.0
ILPWKWPWWKWRR,1938.3264000000001,7.738634731487947
ILKWKWPWWPWRR,1938.3264000000001,7.738634731487947
ILKWKWKWWPWRR,1969.3835000000001,5.077731178310369
ILPWKWKWWKWRR,1969.3835000000001,5.077731178310369
ILKWKWPWWKWRR,1969.3835000000001,5.077731178310369
ILKWKWKWWKWRR,2000.4406000000001,3.7491740569552525
GLLRKWGKKWKEFLRRVWK,2515.0578,12.72336564193475
AWCFRVCYRGICYRRCR,2211.6633,0.1695556461962361
KACFRVCYRGICYRRCR,2153.6257,1.0447497910152168
KWCARVCYRGICYRRCR,2192.6618000000003,0.5700833571324131
KWCFAVCYRGICYRRCR,2183.6499,0.1717308255320599
KWCFRACYRGICYRRCR,2240.7046,0.6694322848268353
KWCFRVAYRGISYRRCR,2220.6270999999997,1.3509697328290735
KWCFRVCARGICYRRCR,2176.6624,0.9188379419794268
KWCFRVCYAGICYRRCR,2183.6499,0.28621804255343314
KWCFRVCYRAICYRRCR,2282.7843,0.16427307652326154
KWCFRVCYRGACYRRCR,2226.678,0.28068719410709586
KWCFRVSYRGIAYRRCR,2220.6271,5.403878931316293
KWCFRVCYRGICARRCR,2176.6624,0.5742737137371418
KWCFRVCYRGICYARCR,2183.6499,0.08586541276602995
KWCFRVCYRGICYRACR,2183.6499,1.831795472341972
KWSFRVCYRGICYRRAR,2220.6271,1.1258081106908944
KWCFRVCYRGICYRRCA,2183.6499,0.1717308255320599
KWAFRVCYRGICYRRAR,2204.6277,2.2679566259645565
KWCFRVAYRGIAYRRCR,2204.6277,0.6803869877893669
RWCFRVCYRGICYRRCR,2296.7711,0.16327269182375206
KWCGRVCYRGICYRRCR,2178.6352,3.901525138306771
KWCSRVCYRGICYRRCR,2208.6612,1.8110518716043909
KWCFRVCGRGICYRRCR,2162.6358,1.849594832380006
KWCFRVCYRGGCYRRCR,2212.6514,1.1298661867838737
AWCARVCYRGICYRRCR,2135.5674,3.7460770378869803
AWCFRVCARGICYRRCR,2119.568,1.1794856310342483
AWCFRVCYRGACYRRCR,2169.5836,0.5761474229432781
KWCFRVCYAGICYRRCA,2098.5420999999997,0.5956516192836924
KWCFCVCYRGICRCRCRG,2212.7359,6.2
KWCRCVCRRGICRCFCRG,2205.7484000000004,3.9
GWCRCVCRRGICRCFCRK,2205.7484000000004,2.0
RFRRLRWKTRWRLKKI,2299.8167000000008,2.1335033642753637e-05
RFRRLRWKTRWRLKKIRFGRFLRKIRRFRPK,4315.2786000000015,1.2745411153754935e-06
RFRRLRWKTRWRLKKICYCRRRFCVCV,3689.5544000000004,3.5099089472701633e-06
RFRRLRWKTRWRLKKIWWPFLRR,3342.0545000000006,3.0071322894345373e-06
GIMSSLMKKLKKIIKK,1846.435,7.1
GILSSLLKKLKKIIAK,1753.2638000000002,5.0
GIMSSLMKKLAKIIKK,1789.3406,5.2
GIMSSLMKKLKKHIAK,1813.3223000000003,6.4
GIMISLMKKLAAHIAK,1725.2138000000002,47.0
GIMSSLMKKLAAIIAK,1675.1518,8.0
GIMSSLMKKLAKIIAK,1732.2462,4.5
GIMSSLMKKLKKIIAK,1789.3406,5.0
GIMSSLMKKLAAHIKK,1756.2279,23.0
GIMSSLMKKLAKHIAK,1756.2279,7.9
GIMSSLMKKLKAHIAK,1756.2279,26.0
GIMSSLMKKLAAHIAK,1699.1335000000001,20.0
KRIRKRIKKWKR,1696.1447,2.0
LRIVKLILKWLR,1551.0178,16.0
KRIVKLILKWLR,1566.0325,8.0
KRIRKRIKKWLR,1681.13,4.0
KRIVKLIKKWLR,1581.0472000000002,4.0
KRIVQRIKDWLR,1610.9473,8.0
KRIVKRIKKWLR,1624.0753000000002,8.0
KRIVQRIKKWLR,1624.0322,8.0
RIRWILRYWRWS,1791.1111,6.666666666666667
KIKWILKYWKWS,1679.0575000000001,5.333333333333333
RLLRPLLQLLKQKLR,1888.3937999999998,1.0591011260469083e-06
RIIRPIIQIIKQKIR,1888.3937999999998,1.5886516890703625e-06
RVVRPVVQVVKQKVR,1790.2076000000002,4.468755467243017e-06
RFRRLRKKFRKRLKKI,2229.8114000000005,232.0
RFRRLRKKKRKRLKKI,2210.8099000000007,240.0
RFRRLRKKIRKRLKKI,2195.7952000000005,232.0
RFRRLRKKWRKRLKKI,2268.8475000000008,3.125
RFRRLRKKTRKRLKKI,2183.7415000000005,228.0
KWCFRVCYRGRCYRRCR,2311.7858,6.25
KRIVKLILKWLR,1566.0325,8.0
KWCFRVCYRGSCYRRCR,2242.6774,3.13
KWCFRVCRRGICYRRCR,2261.7702,6.25
KWCFRVCSRGICYRRCR,2192.6618,3.13
KWCFRSCYRGICYRRCR,2256.704,12.5
LRRAARWARRLLRR,1850.2315999999998,13.511821979475435
LRRPPRWPRRLLRR,1928.3434999999997,51.85798069690385
RWTWRGSGRWTWR,1790.9854000000003,43.83061972476157
LRRLLRWLRRLLRR,1976.4707,12.648808808549502
ILKKIWKPIKKLF,1655.1637,1.0
IRVKIRVKIRVK,1507.9551000000001,4.144685740311498e-05
IRIKIRIK,1039.3617000000002,3.0114636704431186e-05
FKKLKKLFKKILKLK,1903.5293000000001,2.0
GIGKFLHSAKKWGKAFVGEIMNS,2505.9333,25.539386862371796
GYKYINNIIKYINKFFKYIW,2629.1019,12.171456724442669
GANAAKKFANLIKKIFNYIW,2310.7363,13.848399750330662
GANAAKKLATFAKKIFTAYW,2200.5795,29.083248298913993
GLTFLKKILNFAKKIYTAIW,2368.8983,13.508389110668027
GYNYAKKLANLAKKFANALW,2284.6559999999995,14.006485002556186
GATYAKKIIKTITKIATTAW,2179.6004,29.363180516942467
GAKALTKAATAFTKFYKTIW,2217.6068000000005,28.859940364540723
GAKYAKIIYNYLKKIANALW,2341.7900999999997,54.65904053484555
GAKYAKYIYNFYKYIAKYIW,2566.9878,24.931945527750464
GIKIAKKAITIAKKIAKIYW,2257.8446000000004,7.086404440766206
GANALKKYFTILKKFFKLAW,2387.9031999999997,6.700439113277289
GANAAKKFATIAKKFINYLW,2255.6579,7.093274206163975
GANLAKKFYTYINKFINYAW,2425.7788,52.766558929445665
GILSSLWKKPKKIIAK,1810.2737000000002,98.0
GILSSLWKKLKKWIAK,1899.3684000000003,13.0
GILSSLLKKLKKWIAK,1826.3161000000005,8.0
GILSSLLKKWKKIIAK,1826.3161000000005,5.0
GKLSSLWKKLKKIIAK,1841.3308000000002,6.8
GILSSLWKKLKKIIAK,1826.3161000000005,5.3
GILSSWLKKLKKIIAK,1826.3161000000005,4.0
GILKSLLKKLKKIIAK,1794.3588000000004,5.0
GILSKLLKKLKKIIAK,1794.3588000000004,4.5
GIWSSLLKKLKKIIAK,1826.3161,6.3
WKRWVRRWKRWLR,2012.4165999999998,8.0
WKRWVQRWKRWLR,1984.3601,16.0
WKRWVQRWKRFLR,1945.3239999999998,16.0
FKRWVQRWKRFLR,1906.2879,16.0
WKRIVRRIWRWLR,1924.3496000000002,16.0
WKRIVRWIKRWLR,1896.3362,4.0
WKRIVRRIKRWLR,1866.3120000000001,8.0
KKWRWWLKALAKK,1742.1632,2.295996150073656e-06
KKWRWWLKALAKKLL,1968.4784,6.09607908321473e-07
LKLKAIAALAKKKW,1582.0287,1.0113596548532905e-05
KKWRKLLKWLAKK,1726.2053,7.530969809906156e-07
KKWRKLLKKLKKLL,1823.405,5.484245134789035e-07
WLSKTAKKLWLSKTAKKL,2130.6175000000007,16.0
WLSKTAKKLWLSKTAKKLWLSKTAKKL,3186.918600000001,2.0
SWLSKTAKKLENSAKKRISEGIAIAIQGGPR,3338.8573000000006,2.0
RIIDLLARVRRPQKPKFVTVWVR,2847.4553,1.56
RIIDLLWRVRRPQKPKFVTVAVR,2847.4553000000005,3.125
FVQWWSKWLGRIL,1719.0384000000001,32.0
FVRWWSKWLRRIL,1846.2292999999997,8.0
FVRWWSRWLRRIL,1874.2427,8.0
FVKWWSKWLKKIL,1762.1891,16.0
WRLRWKTRWRLK,1785.1515000000002,8.0
WRVRWKTRWRVK,1757.0983,32.0
WRIRWKTRWRIK,1785.1515000000002,8.0
WRFRWKTRWRFK,1853.1839000000002,8.0
WRLRWRTRWRLR,1841.1783000000003,16.0
WRLRWRLRWRLR,1853.2320000000002,4.0
WRVRWRVRWRVR,1811.1522000000002,4.0
WRFRWRFRWRFR,1955.2805999999998,8.0
WKVKWKVKWKVK,1643.0718000000002,4.0
WKLKWKLKWKLK,1685.1516,4.0
WKIKWKIKWKIK,1685.1516,4.0
WRVRWKVRWRVK,1755.1254,4.0
FLRALWNVAKSVF,1550.8436999999997,6.3
FLGALWRVAKSVF,1493.7924,6.3
FLGALWNVAKRVF,1520.8176999999998,12.5
FLGALWNVLKSVF,1493.789,50.0
FLGALWNVAKSLF,1465.7359,50.0
IHHIHHHIHHIHHH,1842.0387000000003,36.0
IHHIHHHIHHIHHHIHHIHHH,2754.0503999999996,0.75
IHHIHHHIHHIHHHIHHIHHHIHHIHHH,3666.062099999999,1.0
IHHIHHIIHHIHHI,1794.0753000000002,4.0
IHHIHHIIHHIHHIIHHIHHI,2682.1052999999997,0.75
IHHIHHIIHHIHHIIHHIHHIIHHIHHI,3570.135299999999,6.0
KKKKKAAFAKAWAAFAA,1836.2298,40.0
KKKKAAFAKAWAKAFAA,1836.2298,50.0
KKKAAFAKAWAKAFKAA,1836.2298,50.0
KKAKAFAKAWAKAFKAA,1836.2298,41.666666666666664
KAAKKFAKAWAKAFKAA,1836.2298,50.0
KKKKKKALFALWLAFLA,2004.5486,37.5
KKKKKALFLKLWAAFLA,2004.5486,9.4
KKKAAFLKLWAKLFKAL,2004.5486,3.7400000000000007
KKLKAFLKAWAKLFKAL,2004.5486,3.4200000000000004
KALKKFLKAWAKLFKAL,2004.5486,4.380000000000001
RWKRHISEQLRRRDRLQRQAF,2836.2274999999995,90.0
KFKKLFKKLSPVFKRIVQRIKDFLR,3163.9327999999996,10.0
ITKVITKLLNRLTKILSK,2082.616,25.0
GKIIKLKASLKLL,1424.8566,7.298980121929462
RLCRIWWIRWCR,1747.1464000000003,4.0
RWKIFKKIEKMGRNIRDGIVKAGPAIQVLGSAKAI,3893.6936000000005,2.2
LKKWWKTSKGLLGGLLGKVTSVIK,2641.2441000000003,2.0
WIKAAAKAAAKIW,1427.7346,32.0
WFKAAAKAAAKFW,1495.767,16.0
WWKAAAKAAAKWW,1573.8392000000001,8.0
FLPKLFAKITKKNMAHIRC,2259.8239,15.0
FLPKLFAKITKKNMAHIRC,2259.8239,15.0
CFLPKLFAKITKKNMAHIR,2259.8239,10.0
CFLPKLFAKITKKNMAHIR,2259.8239,10.0
KKGKGGG,630.7374,19.025350328044603
KKGKGGG,630.7374,50.734267541452276
KKKGGGG,630.7374,50.734267541452276
GGGGKKK,630.7373999999999,50.73426754145228
GGGKGKK,630.7373999999999,50.73426754145228
KKLKAFA,805.0194,9.937648707596363
KKKLAFA,805.0194,19.875297415192726
KKLKAFA,805.0194,39.75059483038545
KKKLAFA,805.0194,19.875297415192726
AFAKLKK,805.0193999999999,79.50118966077092
AFAKLKK,805.0193999999999,79.50118966077092
KKKLAFA,805.0194,39.75059483038545
GPKTKAACKMACKLATCGKKPGGWKCKLCELGCDAV,3699.546400000002,1.5947901072412545
GIKEMLCNMACAQTVCKKSGGPLCDTCQAACKALG,3548.2726999999995,25.0
GLSRLFTALK,1105.3302999999999,57.901244542016094
GLRKRLRKFRNKIKEKLKKIGQKIQGLLPKLAPRTDY,4433.388400000002,1.1616397065504114
KFFKRLLKSVRRAVKKFRKKPRLIGLSTLL,3628.5394000000015,5.167368445826988
KWKLFKKIHKVGQNIRKGIIKAGPAVAVVGQAAQIAK,3995.8500000000004,3.5486817573232226
LNLKALLAVAKKIL,1507.9451,8.0
CLNLKALLAVAKKILC,1714.2309,32.0
RKKRRQRRRLNLKALLAVAKKIL,2829.5330999999996,4.0
ANLKALLAVAKKIL,1465.8654000000001,16.0
LALKALLAVAKKIL,1464.9204,8.0
LNAKALLAVAKKIL,1465.8654000000001,32.0
LNLAALLAVAKKIL,1450.8507,32.0
LNLKAALAVAKKIL,1465.8654000000001,32.0
LNLKALLAAAKKIL,1479.892,16.0
LNLKALLAVAAKIL,1450.8507,32.0
LNLKALLAVAKAIL,1450.8507,16.0
LNLKALLAVAKKAL,1465.8654,32.0
LNLKALLAVAKKIA,1465.8654,16.0
LNLKALGAVAKKIL,1451.8388,32.0
KNLKALLAVAKKIL,1522.9598,8.0
GNLKALAAVAKKIL,1409.7591,64.0
LNLRALLAVARRIL,1591.9853000000003,8.0
LNLKKLLAVAKKIL,1565.0394999999999,4.0
LNLKKLLKVAKKIL,1622.1338999999998,4.0
LNLKALLAVAKKI,1394.7875,32.0
LNLKKLAAVAKKIL,1522.9598,4.0
LNLKKLLAVAKKI,1451.8818999999999,16.0
